productId,productName,stockCode,stockUnit,createdDate,releaseDate,productJson,productStateId,barcode,flagStockOption,stockLimitId,productSizeId,description,shortDescription,flagPriceOption,productContent,productTypeId,metaId,importName,taxId,serialNo,productBranchId,companyId,productId,stokQuantity,taxTotal,itemPrice,regularPrice,saleFlag,oldPrice,flagStockManage,saleTag,flagStockOnline,flagOnStock,flagActive,flagLock,currencyId,purchasePrice
239898,"KARAMELCE KREMA YER FISTIK 400 GR",8690120131290,1,"2024-07-09 09:43:28.293","2024-07-09 09:48:47.440",,3,8690120131290,false,69818,,,,,,1,,"KARAMELCE KREMA YER FISTIK 400 GR",,,240665,2251,239898,6.00,0.00,0.00,0.00,false,0.00,true,,,false,,,1,
239897,"EFES BUD 50CL SISE",8690520581213,1,"2024-07-08 23:42:42.427","2024-07-08 23:42:42.427",,3,8690520581213,false,69817,,,,,,1,,"EFES BUD 50CL SISE",,,240664,1,239897,7.00,0.00,98.00,98.00,false,98.00,true,,,false,,,1,
239896,"EFES PILSEN BIRA 33CL CAM SISE",8690520580889,1,"2024-07-08 23:42:42.270","2024-07-08 23:42:42.270",,3,8690520580889,false,69816,,,,,,1,,"EFES PILSEN BIRA 33CL CAM SISE",,,240663,1,239896,19.00,0.00,68.00,68.00,false,68.00,true,,,false,,,1,
239895,"TEŞHİR VE HİZMET BEDELİ",6314812336571,1,"2024-07-08 17:23:47.937","2024-07-08 17:23:47.937",,3,6314812336571,false,69815,,,,,,1,,"TEŞHİR VE HİZMET BEDELİ",,,240662,2251,239895,0.00,0.00,0.00,0.00,false,0.00,true,,,false,,,1,
239894,"TANG LIMON ICECEK TOZU",8684278458040,1,"2024-07-08 13:00:25.300","2024-07-08 20:07:09.953",,3,8684278458040,false,69814,,,,,,1,,"TANG LIMON ICECEK TOZU",,,240661,2251,239894,93.00,0.00,5.00,5.00,false,5.00,true,,,false,,,1,
239893,"TANG VISNE ICECEK TOZU",8684278458033,1,"2024/07/08 13:00:25,273","2024/07/08 14:24:21,287",,3,8684278458033,false,69813,,,,,,1,,"TANG VISNE ICECEK TOZU",,,240660,2251,239893,94,0,5,5,false,5,true,,,false,,,1,
239892,"TANG PORTAKAL ICECEK TOZU",8684278458026,1,"2024/07/08 12:59:39,530","2024/07/08 13:46:50,857",,3,8684278458026,false,69812,,,,,,1,,"TANG PORTAKAL ICECEK TOZU",,,240659,2251,239892,96,0,5,5,false,5,true,,,false,,,1,
239891,"TANG SEFTALI ICECEK TOZU",8684278458002,1,"2024/07/08 12:58:53,700","2024/07/08 14:24:21,267",,3,8684278458002,false,69811,,,,,,1,,"TANG SEFTALI ICECEK TOZU",,,240658,2251,239891,95,0,5,5,false,5,true,,,false,,,1,
239890,"DYMO LETRATAG PLASTİK ŞERİT 12*4MT ŞEFFAF",ROTRİNG.S0721530,1,"2024/07/08 12:58:40,133","2024/07/08 12:58:40,133",,3,5411313122672,false,69810,,,,,,1,,"DYMO LETRATAG PLASTİK ŞERİT 12*4MT ŞEFFAF",,,240657,2297,239890,0,0,161,161,false,161,false,,,false,,,1,
239889,"AVSAR GAZOZ",8681349030297,1,"2024/07/08 12:58:38,430","2024/07/08 13:04:17,250",,3,8681349030297,false,69809,,,,,,1,,"AVSAR GAZOZ",,,240656,2251,239889,8,0,0,0,false,0,true,,,false,,,1,
239888,"BERRAK TUVALET KAGIDI 16",8698996008234,1,"2024/07/08 12:58:38,400","2024/07/09 09:33:35,983",,3,8698996008234,false,69808,,,,,,1,,"BERRAK TUVALET KAGIDI 16",,,240655,2251,239888,11,0,"99,99","99,99",false,"99,99",true,,,false,,,1,
239887,"SUPER MAYLO KAGIT HAVLU 12",8698996008340,1,"2024/07/08 12:58:38,333","2024/07/08 19:13:15,003",,3,8698996008340,false,69807,,,,,,1,,"SUPER MAYLO KAGIT HAVLU 12",,,240654,2251,239887,20,0,135,135,false,135,true,,,false,,,1,
239886,"PAŞABAHÇE DESENLİ SU BARDAĞI 6 ADET",8693357565913,1,"2024/07/07 16:57:54,997","2024/07/07 16:59:25,740",,3,8693357565913,false,69806,,,,,,1,,"PAŞABAHÇE DESENLİ SU BARDAĞI 6 ADET",,,240653,2251,239886,0,0,185,185,false,185,true,,,false,,,1,
239885,"YILDIZ AYAKLI KAHVE YANI 6 ADET",6772504921894,1,"2024/07/07 13:25:36,893","2024/07/07 13:37:31,757",,3,6772504921894,false,69805,,,,,,1,,"YILDIZ AYAKLI KAHVE YANI 6 ADET",,,240652,2251,239885,0,0,150,150,true,150,true,,,false,,,1,
239884,"PAŞABAHÇE LIVE BEAUTIFUL 6 KAHVE YANI BARDAK",8693357553835,1,"2024/07/07 13:21:03,440","2024/07/07 13:36:46,220",,3,8693357553835,false,69804,,,,,,1,,"PAŞABAHÇE LIVE BEAUTIFUL 6 KAHVE YANI BARDAK",,,240651,2251,239884,0,0,175,175,false,175,true,,,false,,,1,
239883,"VİVİDENT BOX SPEARMINT*",80593874,1,"2024/07/06 21:50:48,277","2024/07/06 22:01:27,827",,3,80593874,false,69803,,,,,,1,,"VİVİDENT BOX SPEARMINT*",,,240650,2251,239883,18,0,25,25,false,25,true,,,false,,,1,
239882,"VİVİDENT BOX EKSTRA NANELİ*",80749660,1,"2024/07/06 21:50:48,240","2024/07/06 22:01:27,840",,3,80749660,false,69802,,,,,,1,,"VİVİDENT BOX EKSTRA NANELİ*",,,240649,2251,239882,20,0,22,22,false,22,true,,,false,,,1,
239881,"VİVİDENT KLASİK NANELİ",80959600,1,"2024/07/06 21:50:48,207","2024/07/06 21:50:48,207",,3,80959600,false,69801,,,,,,1,,"VİVİDENT KLASİK NANELİ",,,240648,2251,239881,21,0,22,22,false,22,true,,,false,,,1,
239880,"ZUBİZ GELİBOLU 33 CL CAM",8690131923775,1,"2024/07/06 21:50:48,177","2024/07/06 21:50:48,177",,3,8690131923775,false,69800,,,,,,1,,"ZUBİZ GELİBOLU 33 CL CAM",,,240647,2251,239880,10,0,10,10,false,10,true,,,false,,,1,
239879,"AVŞAR FANTA 33 CL",8690520580742,1,"2024/07/06 20:52:59,807","2024/07/06 21:10:38,460",,3,8690520580742,false,69799,,,,,,1,,"AVŞAR FANTA 33 CL",,,240646,2251,239879,10,0,15,15,false,15,true,,,false,,,1,
239878,"DİYARBEKİR SÜT 1 LİTRE",8694580140075,1,"2024/07/06 20:51:28,660","2024/07/06 21:08:26,870",,3,8694580140075,false,69798,,,,,,1,,"DİYARBEKİR SÜT 1 LİTRE",,,240645,2251,239878,10,0,17,17,false,17,true,,,false,,,1,
239877,"VİVİDENT PROSAFT NANE",86805999,1,"2024/07/06 20:50:56,743","2024/07/06 21:13:28,230",,3,86805999,false,69797,,,,,,1,,"VİVİDENT PROSAFT NANE",,,240644,2251,239877,0,0,28,28,false,28,true,,,false,,,1,
239876,"ALPA SÜT 1 LİTRE",8694579276200,1,"2024/07/06 20:47:14,047","2024/07/06 21:12:33,737",,3,8694579276200,false,69796,,,,,,1,,"ALPA SÜT 1 LİTRE",,,240643,2251,239876,0,0,16,16,false,16,true,,,false,,,1,
239875,"ÇİFTLİK YOGURT 1 KG",8694580150395,1,"2024/07/06 20:45:44,660","2024/07/06 21:08:35,313",,3,8694580150395,false,69795,,,,,,1,,"ÇİFTLİK YOGURT 1 KG",,,240642,2251,239875,0,0,30,30,false,30,true,,,false,,,1,
239874,"ÇİFTLİK SÜT 1 LİTRE",8694580150357,1,"2024/07/06 20:44:52,517","2024/07/06 20:55:55,750",,3,8694580150357,false,69794,,,,,,1,,"ÇİFTLİK SÜT 1 LİTRE",,,240641,2251,239874,0,0,20,20,false,20,true,,,false,,,1,
239873,"AVŞAR FANTA 50 CL CAM",8690520580897,1,"2024/07/06 18:32:50,407","2024/07/06 18:32:50,407",,3,8690520580897,false,69793,,,,,,1,,"AVŞAR FANTA 50 CL CAM",,,240640,2251,239873,8,0,20,20,false,20,true,,,false,,,1,
239872,"ZUBİZ BİRA 33 CL CAM",8690131923782,1,"2024/07/06 18:32:43,080","2024/07/06 18:32:43,080",,3,8690131923782,false,69792,,,,,,1,,"ZUBİZ BİRA 33 CL CAM",,,240639,2251,239872,8,0,22,22,false,22,true,,,false,,,1,
239871,"ZUBİZ GELİBOLU 33 CL CAM",8690131923775,1,"2024/07/06 18:32:43,070","2024/07/06 18:32:43,070",,3,8690131923775,false,69791,,,,,,1,,"ZUBİZ GELİBOLU 33 CL CAM",,,240638,2251,239871,9,0,12,12,false,12,true,,,false,,,1,
239870,"ZUBİZ BİRA 50 CL CAM",8690131923799,1,"2024/07/06 18:32:42,997","2024/07/06 18:32:42,997",,3,8690131923799,false,69790,,,,,,1,,"ZUBİZ BİRA 50 CL CAM",,,240637,2251,239870,9,0,20,20,false,20,true,,,false,,,1,
239869,"ZUBİZ BİRA 33 CL CAM",8690131923775,1,"2024/07/06 18:32:42,990","2024/07/06 18:32:42,990",,3,8690131923775,false,69789,,,,,,1,,"ZUBİZ BİRA 33 CL CAM",,,240636,2251,239869,11,0,20,20,false,20,true,,,false,,,1,
239868,"VİVİDENT ALOE VERA",80763455,1,"2024/07/06 18:32:30,250","2024/07/06 18:32:30,250",,3,80763455,false,69788,,,,,,1,,"VİVİDENT ALOE VERA",,,240635,2251,239868,12,0,26,26,false,26,true,,,false,,,1,
239867,"ÇİFTLİK YOGURT 500 GR",8694580150388,1,"2024/07/06 18:31:53,640","2024/07/06 18:31:53,640",,3,8694580150388,false,69787,,,,,,1,,"ÇİFTLİK YOGURT 500 GR",,,240634,2251,239867,13,0,15,15,false,15,true,,,false,,,1,
239866,"FİYAT ETİKETİ 38*19 MM",222,1,"2024/07/06 18:31:19,070","2024/07/06 18:31:19,070",,3,222,false,69786,,,,,,1,,"FİYAT ETİKETİ 38*19 MM",,,240633,2251,239866,6,0,20,20,false,20,true,,,false,,,1,
239865,"ALPA SÜT 1 LİTRE",8694579276200,1,"2024/07/06 18:25:56,067","2024/07/06 18:25:56,067",,3,8694579276200,false,69785,,,,,,1,,"ALPA SÜT 1 LİTRE",,,240632,2251,239865,14,0,16,16,false,16,true,,,false,,,1,
239864,"ZUBİZ GELİBOLU 33 CL CAM",8690131923775,1,"2024/07/06 18:21:59,497","2024/07/06 18:21:59,497",,3,8690131923775,false,69784,,,,,,1,,"ZUBİZ GELİBOLU 33 CL CAM",,,240631,2251,239864,0,0,10,10,false,10,true,,,false,,,1,
239863,"ZUBİZ BİRA 33 CL CAM",8690131923775,1,"2024/07/06 18:18:58,417","2024/07/06 18:18:58,417",,3,8690131923775,false,69783,,,,,,1,,"ZUBİZ BİRA 33 CL CAM",,,240630,2251,239863,0,0,18,18,false,18,true,,,false,,,1,
239862,"DİYARBEKİR SÜT 1 LİTRE",8694580140075,1,"2024/07/06 18:15:16,063","2024/07/06 18:15:16,063",,3,8694580140075,false,69782,,,,,,1,,"DİYARBEKİR SÜT 1 LİTRE",,,240629,2251,239862,0,0,15,15,false,15,true,,,false,,,1,
239861,"VİVİDENT ALOE VERA",80763455,1,"2024/07/06 18:15:16,060","2024/07/06 18:15:16,060",,3,80763455,false,69781,,,,,,1,,"VİVİDENT ALOE VERA",,,240628,2251,239861,0,0,20,20,false,20,true,,,false,,,1,
239860,"AVŞAR FANTA 33 CL",8690520580742,1,"2024/07/06 18:14:40,143","2024/07/06 18:14:40,143",,3,8690520580742,false,69780,,,,,,1,,"AVŞAR FANTA 33 CL",,,240627,2251,239860,0,0,12,12,false,12,true,,,false,,,1,
239859,"VİVİDENT KLASİK NANELİ",80959600,1,"2024/07/06 18:14:39,880","2024/07/06 18:14:39,880",,3,80959600,false,69779,,,,,,1,,"VİVİDENT KLASİK NANELİ",,,240626,2251,239859,0,0,12,12,false,12,true,,,false,,,1,
239858,"DİYARBEKİR SÜT 1 LİTRE",8694580140075,1,"2024/07/06 18:14:39,170","2024/07/06 18:14:39,170",,3,8694580140075,false,69778,,,,,,1,,"DİYARBEKİR SÜT 1 LİTRE",,,240625,2251,239858,0,0,12,12,false,12,true,,,false,,,1,
239857,"ALPA SÜT 1 LİTRE",8694579276200,1,"2024/07/06 18:13:29,143","2024/07/06 18:13:29,143",,3,8694579276200,false,69777,,,,,,1,,"ALPA SÜT 1 LİTRE",,,240624,2251,239857,0,0,10,10,false,10,true,,,false,,,1,
239856,"ALPA SÜT 1 LİTRE",8694579276200,1,"2024/07/06 18:12:38,363","2024/07/06 18:12:38,363",,3,8694579276200,false,69776,,,,,,1,,"ALPA SÜT 1 LİTRE",,,240623,2251,239856,0,0,18,18,false,18,true,,,false,,,1,
239855,"ALPA SÜT 1 LİTRE",8694579276200,1,"2024/07/06 18:12:37,650","2024/07/06 18:12:37,650",,3,8694579276200,false,69775,,,,,,1,,"ALPA SÜT 1 LİTRE",,,240622,2251,239855,0,0,16,16,false,16,true,,,false,,,1,
239854,"DİYARBEKİR SÜT 1 LİTRE",8694580140075,1,"2024/07/06 18:12:37,023","2024/07/06 18:12:37,023",,3,8694580140075,false,69774,,,,,,1,,"DİYARBEKİR SÜT 1 LİTRE",,,240621,2251,239854,0,0,20,20,false,20,true,,,false,,,1,
239853,"VİVİDENT ALOE VERA",80763455,1,"2024/07/06 18:12:36,870","2024/07/06 18:12:36,870",,3,80763455,false,69773,,,,,,1,,"VİVİDENT ALOE VERA",,,240620,2251,239853,0,0,10,10,false,10,true,,,false,,,1,
239852,"DİYARBEKİR SÜT 1 LİTRE",8694580140075,1,"2024/07/06 18:10:38,733","2024/07/06 18:10:38,733",,3,8694580140075,false,69772,,,,,,1,,"DİYARBEKİR SÜT 1 LİTRE",,,240619,2251,239852,0,0,20,20,false,20,true,,,false,,,1,
239851,"ALPA SÜT 1 LİTRE",8694579276200,1,"2024/07/06 18:09:27,927","2024/07/06 18:09:27,927",,3,8694579276200,false,69771,,,,,,1,,"ALPA SÜT 1 LİTRE",,,240618,2251,239851,0,0,14,14,false,14,true,,,false,,,1,
239850,"DİYARBEKİR SÜT 1 LİTRE",8694580140075,1,"2024/07/06 18:06:40,297","2024/07/06 18:06:40,297",,3,8694580140075,false,69770,,,,,,1,,"DİYARBEKİR SÜT 1 LİTRE",,,240617,2251,239850,0,0,16,16,false,16,true,,,false,,,1,
239849,"ÇİFTLİK SÜT 1 LİTRE",8694580150357,1,"2024/07/06 18:05:58,660","2024/07/06 18:05:58,660",,3,8694580150357,false,69769,,,,,,1,,"ÇİFTLİK SÜT 1 LİTRE",,,240616,2251,239849,0,0,17,17,false,17,true,,,false,,,1,
239848,"ALPA SÜT 1 LİTRE",8694579276200,1,"2024/07/06 18:05:10,053","2024/07/06 18:05:10,053",,3,8694579276200,false,69768,,,,,,1,,"ALPA SÜT 1 LİTRE",,,240615,2251,239848,0,0,18,18,false,18,true,,,false,,,1,
239847,"VİVİDENT PROSAFT NANE",86805999,1,"2024/07/06 18:04:05,963","2024/07/06 18:04:05,963",,3,86805999,false,69767,,,,,,1,,"VİVİDENT PROSAFT NANE",,,240614,2251,239847,0,0,20,20,false,20,true,,,false,,,1,
239846,"AVŞAR FANTA 50 CL CAM",8690520580897,1,"2024/07/06 18:04:05,963","2024/07/06 18:04:05,963",,3,8690520580897,false,69766,,,,,,1,,"AVŞAR FANTA 50 CL CAM",,,240613,2251,239846,0,0,20,20,false,20,true,,,false,,,1,
239845,"ÇİFTLİK YOGURT 500 GR",8694580150388,1,"2024/07/06 18:04:05,963","2024/07/06 18:04:05,963",,3,8694580150388,false,69765,,,,,,1,,"ÇİFTLİK YOGURT 500 GR",,,240612,2251,239845,0,0,15,15,false,15,true,,,false,,,1,
239844,"DİYARBEKİR SÜT 1 LİTRE",8694580140075,1,"2024/07/06 18:03:29,793","2024/07/06 18:03:29,793",,3,8694580140075,false,69764,,,,,,1,,"DİYARBEKİR SÜT 1 LİTRE",,,240611,2251,239844,0,0,16,16,false,16,true,,,false,,,1,
239843,"ÇİFTLİK YOGURT 1 KG",8694580150395,1,"2024/07/06 18:02:41,693","2024/07/06 18:02:41,693",,3,8694580150395,false,69763,,,,,,1,,"ÇİFTLİK YOGURT 1 KG",,,240610,2251,239843,0,0,27,27,false,27,true,,,false,,,1,
239842,"ÇİFTLİK YOGURT 500 GR",8694580150388,1,"2024/07/06 18:01:53,893","2024/07/06 18:01:53,893",,3,8694580150388,false,69762,,,,,,1,,"ÇİFTLİK YOGURT 500 GR",,,240609,2251,239842,0,0,14,14,false,14,true,,,false,,,1,
239841,"ZUBİZ BİRA 33 CL CAM",8690131923775,1,"2024/07/06 18:01:53,803","2024/07/06 18:01:53,803",,3,8690131923775,false,69761,,,,,,1,,"ZUBİZ BİRA 33 CL CAM",,,240608,2251,239841,0,0,12,12,false,12,true,,,false,,,1,
239840,"ALPA SÜT 1 LİTRE",8694579276200,1,"2024/07/06 18:01:20,663","2024/07/06 18:01:20,663",,3,8694579276200,false,69760,,,,,,1,,"ALPA SÜT 1 LİTRE",,,240607,2251,239840,0,0,20,20,false,20,true,,,false,,,1,
239839,"ZUBİZ GELİBOLU 33 CL CAM",8690131923775,1,"2024/07/06 18:00:54,983","2024/07/06 18:00:54,983",,3,8690131923775,false,69759,,,,,,1,,"ZUBİZ GELİBOLU 33 CL CAM",,,240606,2251,239839,0,0,12,12,false,12,true,,,false,,,1,
239838,"ZUBİZ BİRA 50 CL CAM",8690131923799,1,"2024/07/06 18:00:54,970","2024/07/06 18:00:54,970",,3,8690131923799,false,69758,,,,,,1,,"ZUBİZ BİRA 50 CL CAM",,,240605,2251,239838,0,0,20,20,false,20,true,,,false,,,1,
239837,"VİVİDENT KLASİK NANELİ",80959600,1,"2024/07/06 18:00:54,967","2024/07/06 18:00:54,967",,3,80959600,false,69757,,,,,,1,,"VİVİDENT KLASİK NANELİ",,,240604,2251,239837,0,0,8,8,false,8,true,,,false,,,1,
239836,"DİYARBEKİR SÜT 1 LİTRE",8694580140075,1,"2024/07/06 18:00:54,957","2024/07/06 18:00:54,957",,3,8694580140075,false,69756,,,,,,1,,"DİYARBEKİR SÜT 1 LİTRE",,,240603,2251,239836,0,0,20,20,false,20,true,,,false,,,1,
239835,"AVŞAR FANTA 33 CL",8690520580742,1,"2024/07/06 18:00:54,943","2024/07/06 18:00:54,943",,3,8690520580742,false,69755,,,,,,1,,"AVŞAR FANTA 33 CL",,,240602,2251,239835,0,0,12,12,false,12,true,,,false,,,1,
239833,"ÇİFTLİK YOGURT 500 GR",8694580150388,1,"2024/07/06 17:59:32,667","2024/07/06 17:59:32,667",,3,8694580150388,false,69753,,,,,,1,,"ÇİFTLİK YOGURT 500 GR",,,240600,2251,239833,0,0,15,15,false,15,true,,,false,,,1,
239832,"ALPA SÜT 1 LİTRE",8694579276200,1,"2024/07/06 17:59:32,647","2024/07/06 17:59:32,647",,3,8694579276200,false,69752,,,,,,1,,"ALPA SÜT 1 LİTRE",,,240599,2251,239832,0,0,20,20,false,20,true,,,false,,,1,
239831,"ÇİFTLİK YOGURT 500 GR",8694580150388,1,"2024/07/06 17:59:32,633","2024/07/06 17:59:32,633",,3,8694580150388,false,69751,,,,,,1,,"ÇİFTLİK YOGURT 500 GR",,,240598,2251,239831,0,0,12,12,false,12,true,,,false,,,1,
239830,"AVŞAR FANTA 33 CL",8690520580742,1,"2024/07/06 17:59:32,623","2024/07/06 17:59:32,623",,3,8690520580742,false,69750,,,,,,1,,"AVŞAR FANTA 33 CL",,,240597,2251,239830,0,0,20,20,false,20,true,,,false,,,1,
239829,"ZUBİZ BİRA 33 CL CAM",8690131923775,1,"2024/07/06 17:59:32,610","2024/07/06 17:59:32,610",,3,8690131923775,false,69749,,,,,,1,,"ZUBİZ BİRA 33 CL CAM",,,240596,2251,239829,0,0,10,10,false,10,true,,,false,,,1,
239828,"AVŞAR FANTA 33 CL",8690520580742,1,"2024/07/06 17:58:48,930","2024/07/06 17:58:48,930",,3,8690520580742,false,69748,,,,,,1,,"AVŞAR FANTA 33 CL",,,240595,2251,239828,0,0,12,12,false,12,true,,,false,,,1,
239827,"AVŞAR FANTA 33 CL",8690520580742,1,"2024/07/06 17:58:48,920","2024/07/06 17:58:48,920",,3,8690520580742,false,69747,,,,,,1,,"AVŞAR FANTA 33 CL",,,240594,2251,239827,0,0,12,12,false,12,true,,,false,,,1,
239826,"ZUBİZ BİRA 50 CL CAM",8690131923799,1,"2024/07/06 17:58:48,913","2024/07/06 17:58:48,913",,3,8690131923799,false,69746,,,,,,1,,"ZUBİZ BİRA 50 CL CAM",,,240593,2251,239826,0,0,20,20,false,20,true,,,false,,,1,
239825,"ALPA SÜT 1 LİTRE",8694579276200,1,"2024/07/06 17:58:48,900","2024/07/06 17:58:48,900",,3,8694579276200,false,69745,,,,,,1,,"ALPA SÜT 1 LİTRE",,,240592,2251,239825,0,0,10,10,false,10,true,,,false,,,1,
239824,"ZUBİZ BİRA 33 CL CAM",8690131923775,1,"2024/07/06 17:58:48,893","2024/07/06 17:58:48,893",,3,8690131923775,false,69744,,,,,,1,,"ZUBİZ BİRA 33 CL CAM",,,240591,2251,239824,0,0,15,15,false,15,true,,,false,,,1,
239823,"ZUBİZ GELİBOLU 33 CL CAM",8690131923775,1,"2024/07/06 17:58:48,880","2024/07/06 17:58:48,880",,3,8690131923775,false,69743,,,,,,1,,"ZUBİZ GELİBOLU 33 CL CAM",,,240590,2251,239823,0,0,20,20,false,20,true,,,false,,,1,
239822,"AVŞAR FANTA 33 CL",8690520580742,1,"2024/07/06 17:58:48,877","2024/07/06 17:58:48,877",,3,8690520580742,false,69742,,,,,,1,,"AVŞAR FANTA 33 CL",,,240589,2251,239822,0,0,12,12,false,12,true,,,false,,,1,
239821,"DİYARBEKİR SÜT 1 LİTRE",8694580140075,1,"2024/07/06 17:58:48,873","2024/07/06 17:58:48,873",,3,8694580140075,false,69741,,,,,,1,,"DİYARBEKİR SÜT 1 LİTRE",,,240588,2251,239821,0,0,10,10,false,10,true,,,false,,,1,
239820,"DİYARBEKİR SÜT 1 LİTRE",8694580140075,1,"2024/07/06 17:58:48,863","2024/07/06 17:58:48,863",,3,8694580140075,false,69740,,,,,,1,,"DİYARBEKİR SÜT 1 LİTRE",,,240587,2251,239820,0,0,10,10,false,10,true,,,false,,,1,
239819,"DİYARBEKİR SÜT 1 LİTRE",8694580140075,1,"2024/07/06 17:58:48,847","2024/07/06 17:58:48,847",,3,8694580140075,false,69739,,,,,,1,,"DİYARBEKİR SÜT 1 LİTRE",,,240586,2251,239819,0,0,10,10,false,10,true,,,false,,,1,
239818,"ALPA SÜT 1 LİTRE",8694579276200,1,"2024/07/06 17:58:48,837","2024/07/06 17:58:48,837",,3,8694579276200,false,69738,,,,,,1,,"ALPA SÜT 1 LİTRE",,,240585,2251,239818,0,0,15,15,false,15,true,,,false,,,1,
239817,"ZUBİZ BİRA 33 CL CAM",8690131923775,1,"2024/07/06 17:58:48,827","2024/07/06 17:58:48,827",,3,8690131923775,false,69737,,,,,,1,,"ZUBİZ BİRA 33 CL CAM",,,240584,2251,239817,0,0,12,12,false,12,true,,,false,,,1,
239816,"ALPA SÜT 1 LİTRE",8694579276200,1,"2024/07/06 17:58:48,817","2024/07/06 17:58:48,817",,3,8694579276200,false,69736,,,,,,1,,"ALPA SÜT 1 LİTRE",,,240583,2251,239816,0,0,12,12,false,12,true,,,false,,,1,
239815,"VİVİDENT ALOE VERA",80763455,1,"2024/07/06 17:58:48,803","2024/07/06 17:58:48,803",,3,80763455,false,69735,,,,,,1,,"VİVİDENT ALOE VERA",,,240582,2251,239815,0,0,20,20,false,20,true,,,false,,,1,
239814,"ALPA SÜT 1 LİTRE",8694579276200,1,"2024/07/06 17:58:48,787","2024/07/06 17:58:48,787",,3,8694579276200,false,69734,,,,,,1,,"ALPA SÜT 1 LİTRE",,,240581,2251,239814,0,0,14,14,false,14,true,,,false,,,1,
239813,"VİVİDENT PROSAFT NANE",86805999,1,"2024/07/06 17:58:48,773","2024/07/06 17:58:48,773",,3,86805999,false,69733,,,,,,1,,"VİVİDENT PROSAFT NANE",,,240580,2251,239813,0,0,12,12,false,12,true,,,false,,,1,
239812,"ÇİFTLİK YOGURT 500 GR",8694580150388,1,"2024/07/06 17:58:48,757","2024/07/06 17:58:48,757",,3,8694580150388,false,69732,,,,,,1,,"ÇİFTLİK YOGURT 500 GR",,,240579,2251,239812,0,0,10,10,false,10,true,,,false,,,1,
239811,"VİVİDENT ALOE VERA",80763455,1,"2024/07/06 17:58:48,747","2024/07/06 17:58:48,747",,3,80763455,false,69731,,,,,,1,,"VİVİDENT ALOE VERA",,,240578,2251,239811,0,0,18,18,false,18,true,,,false,,,1,
239810,"ÇİFTLİK SÜT 1 LİTRE",8694580150357,1,"2024/07/06 17:58:48,733","2024/07/06 17:58:48,733",,3,8694580150357,false,69730,,,,,,1,,"ÇİFTLİK SÜT 1 LİTRE",,,240577,2251,239810,0,0,17,17,false,17,true,,,false,,,1,
239809,"VİVİDENT ALOE VERA",80763455,1,"2024/07/06 17:58:48,727","2024/07/06 17:58:48,727",,3,80763455,false,69729,,,,,,1,,"VİVİDENT ALOE VERA",,,240576,2251,239809,0,0,14,14,false,14,true,,,false,,,1,
239808,"ÇİFTLİK YOGURT 1 KG",8694580150395,1,"2024/07/06 17:58:48,723","2024/07/06 17:58:48,723",,3,8694580150395,false,69728,,,,,,1,,"ÇİFTLİK YOGURT 1 KG",,,240575,2251,239808,0,0,17,17,false,17,true,,,false,,,1,
239807,"ZUBİZ BİRA 33 CL CAM",8690131923775,1,"2024/07/06 17:58:48,717","2024/07/06 17:58:48,717",,3,8690131923775,false,69727,,,,,,1,,"ZUBİZ BİRA 33 CL CAM",,,240574,2251,239807,0,0,15,15,false,15,true,,,false,,,1,
239806,"ALPA SÜT 1 LİTRE",8694579276200,1,"2024/07/06 17:58:48,707","2024/07/06 17:58:48,707",,3,8694579276200,false,69726,,,,,,1,,"ALPA SÜT 1 LİTRE",,,240573,2251,239806,0,0,10,10,false,10,true,,,false,,,1,
239805,"ÇİFTLİK SÜT 1 LİTRE",8694580150357,1,"2024/07/06 17:58:48,700","2024/07/06 17:58:48,700",,3,8694580150357,false,69725,,,,,,1,,"ÇİFTLİK SÜT 1 LİTRE",,,240572,2251,239805,0,0,17,17,false,17,true,,,false,,,1,
239804,"VİVİDENT PROSAFT NANE",86805999,1,"2024/07/06 17:58:48,693","2024/07/06 17:58:48,693",,3,86805999,false,69724,,,,,,1,,"VİVİDENT PROSAFT NANE",,,240571,2251,239804,0,0,10,10,false,10,true,,,false,,,1,
239803,"ZUBİZ BİRA 50 CL CAM",8690131923799,1,"2024/07/06 17:58:48,687","2024/07/06 17:58:48,687",,3,8690131923799,false,69723,,,,,,1,,"ZUBİZ BİRA 50 CL CAM",,,240570,2251,239803,0,0,12,12,false,12,true,,,false,,,1,
239802,"ALPA SÜT 1 LİTRE",8694579276200,1,"2024/07/06 17:58:48,673","2024/07/06 17:58:48,673",,3,8694579276200,false,69722,,,,,,1,,"ALPA SÜT 1 LİTRE",,,240569,2251,239802,0,0,20,20,false,20,true,,,false,,,1,
239801,"ÇİFTLİK YOGURT 1 KG",8694580150395,1,"2024/07/06 17:58:48,663","2024/07/06 17:58:48,663",,3,8694580150395,false,69721,,,,,,1,,"ÇİFTLİK YOGURT 1 KG",,,240568,2251,239801,0,0,10,10,false,10,true,,,false,,,1,
239800,"DİYARBEKİR SÜT 1 LİTRE",8694580140075,1,"2024/07/06 17:58:48,653","2024/07/06 17:58:48,653",,3,8694580140075,false,69720,,,,,,1,,"DİYARBEKİR SÜT 1 LİTRE",,,240567,2251,239800,0,0,10,10,false,10,true,,,false,,,1,
239799,"ZUBİZ BİRA 50 CL CAM",8690131923799,1,"2024/07/06 17:58:48,647","2024/07/06 17:58:48,647",,3,8690131923799,false,69719,,,,,,1,,"ZUBİZ BİRA 50 CL CAM",,,240566,2251,239799,0,0,10,10,false,10,true,,,false,,,1,
239798,"ÇİFTLİK YOGURT 500 GR",8694580150388,1,"2024/07/06 17:58:48,637","2024/07/06 17:58:48,637",,3,8694580150388,false,69718,,,,,,1,,"ÇİFTLİK YOGURT 500 GR",,,240565,2251,239798,0,0,10,10,false,10,true,,,false,,,1,
239797,"VİVİDENT KLASİK NANELİ",80959600,1,"2024/07/06 17:58:48,627","2024/07/06 17:58:48,627",,3,80959600,false,69717,,,,,,1,,"VİVİDENT KLASİK NANELİ",,,240564,2251,239797,0,0,8,8,false,8,true,,,false,,,1,
239796,"ALPA SÜT 1 LİTRE",8694579276200,1,"2024/07/06 17:58:48,617","2024/07/06 17:58:48,617",,3,8694579276200,false,69716,,,,,,1,,"ALPA SÜT 1 LİTRE",,,240563,2251,239796,0,0,15,15,false,15,true,,,false,,,1,
239795,"ÇİFTLİK YOGURT 1 KG",8694580150395,1,"2024/07/06 17:58:48,607","2024/07/06 17:58:48,607",,3,8694580150395,false,69715,,,,,,1,,"ÇİFTLİK YOGURT 1 KG",,,240562,2251,239795,0,0,15,15,false,15,true,,,false,,,1,
239794,"ZUBİZ BİRA 50 CL CAM",8690131923799,1,"2024/07/06 17:58:48,593","2024/07/06 17:58:48,593",,3,8690131923799,false,69714,,,,,,1,,"ZUBİZ BİRA 50 CL CAM",,,240561,2251,239794,0,0,20,20,false,20,true,,,false,,,1,
239793,"ALPA SÜT 1 LİTRE",8694579276200,1,"2024/07/06 17:58:48,573","2024/07/06 17:58:48,573",,3,8694579276200,false,69713,,,,,,1,,"ALPA SÜT 1 LİTRE",,,240560,2251,239793,0,0,10,10,false,10,true,,,false,,,1,
239792,"VİVİDENT PROSAFT NANE",86805999,1,"2024/07/06 17:58:48,557","2024/07/06 17:58:48,557",,3,86805999,false,69712,,,,,,1,,"VİVİDENT PROSAFT NANE",,,240559,2251,239792,0,0,14,14,false,14,true,,,false,,,1,
239791,"ALPA SÜT 1 LİTRE",8694579276200,1,"2024/07/06 17:58:48,543","2024/07/06 17:58:48,543",,3,8694579276200,false,69711,,,,,,1,,"ALPA SÜT 1 LİTRE",,,240558,2251,239791,0,0,20,20,false,20,true,,,false,,,1,
239790,"DİYARBEKİR SÜT 1 LİTRE",8694580140075,1,"2024/07/06 17:58:48,527","2024/07/06 17:58:48,527",,3,8694580140075,false,69710,,,,,,1,,"DİYARBEKİR SÜT 1 LİTRE",,,240557,2251,239790,0,0,10,10,false,10,true,,,false,,,1,
239789,"VİVİDENT KLASİK NANELİ",80959600,1,"2024/07/06 17:58:48,517","2024/07/06 17:58:48,517",,3,80959600,false,69709,,,,,,1,,"VİVİDENT KLASİK NANELİ",,,240556,2251,239789,0,0,8,8,false,8,true,,,false,,,1,
239788,"DİYARBEKİR SÜT 1 LİTRE",8694580140075,1,"2024/07/06 17:58:48,493","2024/07/06 17:58:48,493",,3,8694580140075,false,69708,,,,,,1,,"DİYARBEKİR SÜT 1 LİTRE",,,240555,2251,239788,0,0,12,12,false,12,true,,,false,,,1,
239787,"ALPA SÜT 1 LİTRE",8694579276200,1,"2024/07/06 17:58:48,483","2024/07/06 17:58:48,483",,3,8694579276200,false,69707,,,,,,1,,"ALPA SÜT 1 LİTRE",,,240554,2251,239787,0,0,14,14,false,14,true,,,false,,,1,
239786,"ALPA SÜT 1 LİTRE",8694579276200,1,"2024/07/06 17:58:48,473","2024/07/06 17:58:48,473",,3,8694579276200,false,69706,,,,,,1,,"ALPA SÜT 1 LİTRE",,,240553,2251,239786,0,0,10,10,false,10,true,,,false,,,1,
239785,"VİVİDENT ALOE VERA",80763455,1,"2024/07/06 17:58:48,457","2024/07/06 17:58:48,457",,3,80763455,false,69705,,,,,,1,,"VİVİDENT ALOE VERA",,,240552,2251,239785,0,0,18,18,false,18,true,,,false,,,1,
239784,"VİVİDENT ALOE VERA",80763455,1,"2024/07/06 17:58:48,443","2024/07/06 17:58:48,443",,3,80763455,false,69704,,,,,,1,,"VİVİDENT ALOE VERA",,,240551,2251,239784,0,0,15,15,false,15,true,,,false,,,1,
239783,"DİYARBEKİR SÜT 1 LİTRE",8694580140075,1,"2024/07/06 17:58:48,437","2024/07/06 17:58:48,437",,3,8694580140075,false,69703,,,,,,1,,"DİYARBEKİR SÜT 1 LİTRE",,,240550,2251,239783,0,0,10,10,false,10,true,,,false,,,1,
239782,"ALPA SÜT 1 LİTRE",8694579276200,1,"2024/07/06 17:58:48,427","2024/07/06 17:58:48,427",,3,8694579276200,false,69702,,,,,,1,,"ALPA SÜT 1 LİTRE",,,240549,2251,239782,0,0,10,10,false,10,true,,,false,,,1,
239781,"ALPA SÜT 1 LİTRE",8694579276200,1,"2024/07/06 17:58:48,417","2024/07/06 17:58:48,417",,3,8694579276200,false,69701,,,,,,1,,"ALPA SÜT 1 LİTRE",,,240548,2251,239781,0,0,12,12,false,12,true,,,false,,,1,
239780,"DİYARBEKİR SÜT 1 LİTRE",8694580140075,1,"2024/07/06 17:58:48,407","2024/07/06 17:58:48,407",,3,8694580140075,false,69700,,,,,,1,,"DİYARBEKİR SÜT 1 LİTRE",,,240547,2251,239780,0,0,12,12,false,12,true,,,false,,,1,
239779,"VİVİDENT KLASİK NANELİ",80959600,1,"2024/07/06 17:58:48,393","2024/07/06 17:58:48,393",,3,80959600,false,69699,,,,,,1,,"VİVİDENT KLASİK NANELİ",,,240546,2251,239779,0,0,8,8,false,8,true,,,false,,,1,
239778,"DİYARBEKİR SÜT 1 LİTRE",8694580140075,1,"2024/07/06 17:58:48,387","2024/07/06 17:58:48,387",,3,8694580140075,false,69698,,,,,,1,,"DİYARBEKİR SÜT 1 LİTRE",,,240545,2251,239778,0,0,10,10,false,10,true,,,false,,,1,
239777,"ÇİFTLİK YOGURT 500 GR",8694580150388,1,"2024/07/06 17:58:48,373","2024/07/06 17:58:48,373",,3,8694580150388,false,69697,,,,,,1,,"ÇİFTLİK YOGURT 500 GR",,,240544,2251,239777,0,0,10,10,false,10,true,,,false,,,1,
239776,"VİVİDENT PROSAFT NANE",86805999,1,"2024/07/06 17:58:48,363","2024/07/06 17:58:48,363",,3,86805999,false,69696,,,,,,1,,"VİVİDENT PROSAFT NANE",,,240543,2251,239776,0,0,12,12,false,12,true,,,false,,,1,
239775,"ALPA SÜT 1 LİTRE",8694579276200,1,"2024/07/06 17:58:48,347","2024/07/06 17:58:48,347",,3,8694579276200,false,69695,,,,,,1,,"ALPA SÜT 1 LİTRE",,,240542,2251,239775,0,0,10,10,false,10,true,,,false,,,1,
239774,"ALPA SÜT 1 LİTRE",8694579276200,1,"2024/07/06 17:58:48,337","2024/07/06 17:58:48,337",,3,8694579276200,false,69694,,,,,,1,,"ALPA SÜT 1 LİTRE",,,240541,2251,239774,0,0,14,14,false,14,true,,,false,,,1,
239773,"ALPA SÜT 1 LİTRE",8694579276200,1,"2024/07/06 17:58:48,327","2024/07/06 17:58:48,327",,3,8694579276200,false,69693,,,,,,1,,"ALPA SÜT 1 LİTRE",,,240540,2251,239773,0,0,15,15,false,15,true,,,false,,,1,
239772,"DİYARBEKİR SÜT 1 LİTRE",8694580140075,1,"2024/07/06 17:58:48,317","2024/07/06 17:58:48,317",,3,8694580140075,false,69692,,,,,,1,,"DİYARBEKİR SÜT 1 LİTRE",,,240539,2251,239772,0,0,20,20,false,20,true,,,false,,,1,
239771,"VİVİDENT KLASİK NANELİ",80959600,1,"2024/07/06 17:58:48,307","2024/07/06 17:58:48,307",,3,80959600,false,69691,,,,,,1,,"VİVİDENT KLASİK NANELİ",,,240538,2251,239771,0,0,8,8,false,8,true,,,false,,,1,
239770,"VİVİDENT KLASİK NANELİ",80959600,1,"2024/07/06 17:58:48,297","2024/07/06 17:58:48,297",,3,80959600,false,69690,,,,,,1,,"VİVİDENT KLASİK NANELİ",,,240537,2251,239770,0,0,8,8,false,8,true,,,false,,,1,
